{
  "code": "dominionsNPC",
  "class": "EntityDominionsNPC",
  "canClimb": true,
  "climbTouchDistance": 0.5,
  "hitboxSize": {
    "x": 0.6,
    "y": 1.85
  },
  "eyeHeight": 1.7,
  "attributes": {
  },
  "client": {
    "renderer": "SkinnableShape",
    "shape": { "base": "entity/humanoid/seraph" },
    "texture": { "base": "entity/humanoid/seraph-naked" },
    "behaviors": [
      { "code": "repulseagents" },
      { "code": "nametag" },
      {
        "code": "controlledphysics",
        "stepHeight": 1.1
      },
      { "code": "interpolateposition" },
      { "code": "aimingaccuracy" }
    ],
    "animations": [
      {
        "code": "walk",
        "animation": "walk",
        "blendMode": "Average",
        "mulWithWalkSpeed": true,
        "animationSpeed": 1.1,
        "triggeredBy": {
          "onControls": [ "Move" ],
          "matchExact": true
        }
      },
      {
        "code": "idle",
        "animation": "idle1",
        "blendMode": "Average",
        "triggeredBy": {
          "onControls": [ "Idle" ],
          "matchExact": true,
          "defaultAnim": true
        }
      },
      {
        "code": "sitflooridle",
        "animation": "sitflooridle",
        "blendMode": "Average",
        "triggeredBy": {
          "onControls": [ "Idle", "FloorSitting" ],
          "matchExact": true
        }
      },
      {
        "code": "sprint",
        "animation": "sprint",
        "animationSpeed": 0.6,
        "mulWithWalkSpeed": true,
        "triggeredBy": {
          "onControls": [ "Move", "SprintMode" ],
          "matchExact": true
        },
        "blendMode": "Average"
      },
      {
        "code": "sneakwalk",
        "animation": "sneakwalk",
        "animationSpeed": 3,
        "mulWithWalkSpeed": true,
        "triggeredBy": {
          "onControls": [ "Move", "SneakMode" ],
          "matchExact": true
        },
        "blendMode": "Average"
      },
      {
        "code": "sneakidle",
        "animation": "sneakidle",
        "triggeredBy": {
          "onControls": [ "Idle", "SneakMode" ],
          "matchExact": true
        },
        "blendMode": "Average"
      },
      {
        "code": "glide",
        "animation": "glide",
        "triggeredBy": { "onControls": [ "Fly" ] },
        "blendMode": "Average"
      },
      {
        "code": "swim",
        "animation": "swim",
        "triggeredBy": {
          "onControls": [ "Move", "Swim" ],
          "matchExact": true
        },
        "blendMode": "Average"
      },
      {
        "code": "swimidle",
        "animation": "swimidle",
        "triggeredBy": {
          "onControls": [ "Idle", "Swim" ],
          "matchExact": true
        },
        "blendMode": "Average"
      },
      {
        "code": "land",
        "animation": "land",
        "triggeredBy": { "onControls": [ "Fall" ] },
        "blendMode": "Average"
      },
      {
        "code": "die",
        "animation": "die",
        "blendMode": "Average",
        "triggeredBy": { "onControls": [ "Dead" ] },
        "animationSpeed": 1.5
      },
      {
        "code": "heavyimpact",
        "animation": "heavyimpact",
        "blendMode": "Average"
      },
      {
        "code": "jump",
        "animation": "newjump",
        "triggeredBy": {
          "onControls": [ "Idle", "Jump" ],
          "matchExact": true
        },
        "blendMode": "Average"
      },
      {
        "code": "climbup",
        "animation": "ladderup",
        "triggeredBy": {
          "onControls": [ "Move", "Climb" ],
          "matchExact": true
        },
        "blendMode": "Average"
      },
      {
        "code": "climbidle",
        "animation": "LadderIdle",
        "triggeredBy": {
          "onControls": [ "Idle", "Climb" ],
          "matchExact": true
        },
        "blendMode": "Average"
      },
      {
        "code": "sleep",
        "animation": "lie",
        "blendMode": "Add"
      },
      {
        "code": "holdunderarm",
        "animation": "holdunderarm",
        "blendMode": "Add",
        "elementWeight": {
          "UpperArmR": 4,
          "LowerArmR": 4
        },
        "elementBlendMode": {
          "UpperArmR": "AddAverage",
          "LowerArmR": "AddAverage"
        }
      },
      {
        "code": "hurt",
        "animation": "hurt",
        "blendMode": "Average"
      },
      {
        "code": "holdbothhands",
        "animation": "holdbothhands",
        "blendMode": "Add",
        "elementWeight": {
          "UpperArmR": 4,
          "LowerArmR": 4,
          "UpperArmL": 12,
          "LowerArmL": 12
        },
        "elementBlendMode": {
          "UpperArmR": "AddAverage",
          "LowerArmR": "AddAverage",
          "UpperArmL": "AddAverage",
          "LowerArmL": "AddAverage"
        }
      },
      {
        "code": "bowaim",
        "animation": "bowaim",
        "blendMode": "Add",
        "elementWeight": {
          "UpperArmR": 4,
          "LowerArmR": 4,
          "UpperArmL": 4,
          "LowerArmL": 4
        },
        "elementBlendMode": {
          "UpperArmR": "AddAverage",
          "LowerArmR": "AddAverage",
          "UpperArmL": "AddAverage",
          "LowerArmL": "AddAverage"
        }
      },
      {
        "code": "bowhit",
        "animation": "bowhit",
        "easeInSpeed": 999,
        "blendMode": "Add",
        "elementWeight": {
          "UpperArmR": 4,
          "LowerArmR": 4,
          "UpperArmL": 4,
          "LowerArmL": 4
        },
        "elementBlendMode": {
          "UpperArmR": "AddAverage",
          "LowerArmR": "AddAverage",
          "UpperArmL": "AddAverage",
          "LowerArmL": "AddAverage"
        }
      },
      {
        "code": "aim",
        "animation": "throwaim",
        "blendMode": "Add",
        "elementWeight": {
          "UpperArmR": 4,
          "LowerArmR": 4,
          "UpperArmL": 4,
          "LowerArmL": 4
        },
        "elementBlendMode": {
          "UpperArmR": "AddAverage",
          "LowerArmR": "AddAverage",
          "UpperArmL": "AddAverage",
          "LowerArmL": "AddAverage"
        }
      },
      {
        "code": "throw",
        "animation": "throw",
        "blendMode": "Add",
        "easeInSpeed": 999,
        "elementWeight": {
          "UpperArmR": 4,
          "LowerArmR": 4,
          "UpperArmL": 4,
          "LowerArmL": 4
        },
        "elementBlendMode": {
          "UpperArmR": "AddAverage",
          "LowerArmR": "AddAverage",
          "UpperArmL": "AddAverage",
          "LowerArmL": "AddAverage"
        }
      },
      {
        "code": "hit",
        "animation": "hit",
        "blendMode": "Add",
        "elementWeight": {
          "UpperArmR": 4,
          "LowerArmR": 4,
          "UpperArmL": 4,
          "LowerArmL": 4
        },
        "elementBlendMode": {
          "UpperArmR": "AddAverage",
          "LowerArmR": "AddAverage",
          "UpperArmL": "AddAverage",
          "LowerArmL": "AddAverage"
        }
      },
      {
        "code": "breaktool",
        "animation": "breaktool",
        "animationSpeed": 2.5,
        "blendMode": "Add",
        "elementWeight": {
          "UpperArmR": 4,
          "LowerArmR": 4,
          "UpperArmL": 4,
          "LowerArmL": 4
        },
        "elementBlendMode": {
          "UpperArmR": "AddAverage",
          "LowerArmR": "AddAverage",
          "UpperArmL": "AddAverage",
          "LowerArmL": "AddAverage"
        }
      },
      {
        "code": "breakhand",
        "animation": "breakhand",
        "animationSpeed": 2.5,
        "blendMode": "Add",
        "elementWeight": {
          "UpperArmR": 4,
          "LowerArmR": 4,
          "UpperArmL": 4,
          "LowerArmL": 4
        },
        "elementBlendMode": {
          "UpperArmR": "AddAverage",
          "LowerArmR": "AddAverage",
          "UpperArmL": "AddAverage",
          "LowerArmL": "AddAverage"
        }
      },
      {
        "code": "swordhit",
        "animation": "swordhit",
        "blendMode": "Add",
        "elementWeight": {
          "UpperArmR": 4,
          "LowerArmR": 4,
          "UpperArmL": 4,
          "LowerArmL": 4
        },
        "elementBlendMode": {
          "UpperArmR": "AddAverage",
          "LowerArmR": "AddAverage",
          "UpperArmL": "AddAverage",
          "LowerArmL": "AddAverage"
        }
      },
      {
        "code": "axechop",
        "animation": "axechop",
        "blendMode": "Add",
        "animationSpeed": 1.75,
        "elementWeight": {
          "UpperArmR": 4,
          "LowerArmR": 4,
          "UpperArmL": 4,
          "LowerArmL": 4
        },
        "elementBlendMode": {
          "UpperArmR": "AddAverage",
          "LowerArmR": "AddAverage",
          "UpperArmL": "AddAverage",
          "LowerArmL": "AddAverage"
        }
      },

      {
        "code": "shoveldig",
        "animation": "shoveldig",
        "blendMode": "Add",
        "animationSpeed": 1.5,
        "elementWeight": {
          "UpperArmR": 4,
          "LowerArmR": 4,
          "UpperArmL": 4,
          "LowerArmL": 4
        },
        "elementBlendMode": {
          "UpperArmR": "AddAverage",
          "LowerArmR": "AddAverage",
          "UpperArmL": "AddAverage",
          "LowerArmL": "AddAverage"
        }
      },
      {
        "code": "spearhit",
        "animation": "spearhit",
        "blendMode": "Add",
        "animationSpeed": 1,
        "elementWeight": {
          "UpperArmR": 4,
          "LowerArmR": 4,
          "UpperArmL": 4,
          "LowerArmL": 4
        },
        "elementBlendMode": {
          "UpperArmR": "AddAverage",
          "LowerArmR": "AddAverage",
          "UpperArmL": "AddAverage",
          "LowerArmL": "AddAverage"
        }
      },
      {
        "code": "scythe",
        "animation": "scythe",
        "blendMode": "Add",
        "animationSpeed": 1.5,
        "elementWeight": {
          "UpperArmR": 4,
          "LowerArmR": 4,
          "UpperArmL": 4,
          "LowerArmL": 4
        },
        "elementBlendMode": {
          "UpperArmR": "AddAverage",
          "LowerArmR": "AddAverage",
          "UpperArmL": "AddAverage",
          "LowerArmL": "AddAverage"
        }
      },
      {
        "code": "shears",
        "animation": "shears",
        "blendMode": "Add",
        "animationSpeed": 1.5,
        "elementWeight": {
          "UpperArmR": 4,
          "LowerArmR": 4,
          "UpperArmL": 4,
          "LowerArmL": 4
        },
        "elementBlendMode": {
          "UpperArmR": "AddAverage",
          "LowerArmR": "AddAverage",
          "UpperArmL": "AddAverage",
          "LowerArmL": "AddAverage"
        }
      },

      {
        "code": "knapstanding",
        "animation": "knap",
        "blendMode": "Add",
        "animationSpeed": 1.5,
        "elementWeight": {
          "UpperArmR": 4,
          "LowerArmR": 4,
          "UpperArmL": 4,
          "LowerArmL": 4
        },
        "elementBlendMode": {
          "UpperArmR": "AddAverage",
          "LowerArmR": "AddAverage",
          "UpperArmL": "AddAverage",
          "LowerArmL": "AddAverage"
        }
      },

      {
        "code": "knapsitting",
        "animation": "knap",
        "blendMode": "Average",
        "animationSpeed": 1.5,
        "elementWeight": {
          "UpperArmR": 4,
          "LowerArmR": 4,
          "UpperArmL": 4,
          "LowerArmL": 4,
          "UpperFootL": 0,
          "LowerFootL": 0,
          "UpperFootR": 0,
          "LowerFootR": 0,
          "LowerTorso": 0
        },
        "elementBlendMode": {
          "UpperArmR": "AddAverage",
          "LowerArmR": "AddAverage",
          "UpperArmL": "AddAverage",
          "LowerArmL": "AddAverage"
        }
      },

      {
        "code": "placeblock",
        "animation": "placeblock",
        "animationSpeed": 2,
        "blendMode": "Add",
        "elementWeight": {
          "UpperArmR": 4,
          "LowerArmR": 4,
          "UpperArmL": 4,
          "LowerArmL": 4
        },
        "elementBlendMode": {
          "UpperArmR": "AddAverage",
          "LowerArmR": "AddAverage",
          "UpperArmL": "AddAverage",
          "LowerArmL": "AddAverage"
        }
      },
      {
        "code": "eat",
        "animation": "eat",
        "animationSpeed": 1,
        "blendMode": "Add",
        "elementWeight": {
          "UpperArmR": 4,
          "LowerArmR": 4
        },
        "elementBlendMode": {
          "UpperArmR": "AddAverage",
          "LowerArmR": "AddAverage"
        }
      }

    ]
  },
  "server": {
    "behaviors": [
      { "code": "repulseagents" },
      { "code": "nametag" },
      {
        "code": "controlledphysics",
        "stepHeight": 1.1
      },
      {
        "code": "health",
        "currenthealth": 15.0,
        "maxhealth": 15.0
      },
      { "code": "breathe" },
      {
        "code": "taskai"
      },
      { "code": "EntityBehaviorNPCWork" }
    ]
  },
  "sounds": {
    "hurt": "player/hurt",
    "death": "player/death",
    "swim": "player/swim",
    "eat": "player/eat"
  }
}