﻿{
  "code": "areamarker",
  "class": "BlockAreaMarker",
  "entityClass": "BEAreaMarker",
  "attributes": {
    "handbook": {
      "groupBy": [ "areamarker-*" ],
      "excludeByType": {
        "*-diamond-*": true,
        "*-offset-*": true,
        "*-square-*": true
      }
    }
  },
  "variantgroups": [
    {
      "code": "pattern",
      "states": [ "diamond", "normal", "offset", "square" ]
    },
    {
      "code": "side",
      "states": [ "north", "east", "south", "west", "up", "down" ]
    }
  ],
  "shapebytype": {
    "*-down": { "base": "block/basic/layers/1voxel" },
    "*-up": {
      "base": "block/basic/layers/1voxel",
      "rotateX": 180
    },
    "*-north": {
      "base": "block/basic/layers/1voxel",
      "rotateX": 90
    },
    "*-east": {
      "base": "block/basic/layers/1voxel",
      "rotateX": 90,
      "rotateY": 180,
      "rotateZ": 270
    },
    "*-west": {
      "base": "block/basic/layers/1voxel",
      "rotateX": 90,
      "rotateY": 0,
      "rotateZ": 270
    },
    "*-south": {
      "base": "block/basic/layers/1voxel",
      "rotateX": 270
    }
  },
  "sidesolidByType": {
    "*-down": {
      "all": false,
      "down": true
    },
    "*-up": {
      "all": false,
      "up": true
    },
    "*-north": {
      "all": false,
      "north": true
    },
    "*-east": {
      "all": false,
      "east": true
    },
    "*-west": {
      "all": false,
      "west": true
    },
    "*-south": {
      "all": false,
      "south": true
    }
  },
  "sideopaqueByType": {
    "*-down": {
      "all": false,
      "down": true
    },
    "*-up": {
      "all": false,
      "up": true
    },
    "*-north": {
      "all": false,
      "north": true
    },
    "*-east": {
      "all": false,
      "east": true
    },
    "*-west": {
      "all": false,
      "west": true
    },
    "*-south": {
      "all": false,
      "south": true
    }
  },
  "blockmaterial": "Cloth",
  "creativeinventory": {
    "general": [ "*-down" ],
    "decorative": [ "*-down" ]
  },
  "replaceable": 700,
  "resistance": 1,
  "lightAbsorption": 1,
  "emitSideAo": {
    "all": false
  },
  "textures": {
    "all": {
      "base": "block/cloth/linen/{pattern}1"
    }
  },
  "selectionbox": {
    "x1": 0,
    "y1": 0,
    "z1": 0,
    "x2": 1,
    "y2": 0.0625,
    "z2": 1,
    "rotateXByType": {
      "*-up": 180,
      "*-north": 90,
      "*-east": 90,
      "*-west": 90,
      "*-south": 270
    },
    "rotateYByType": {
      "*-east": 180,
      "*-west": 0
    },
    "rotateZByType": {
      "*-east": 270,
      "*-west": 270
    }
  },
  "collisionbox": {
    "x1": 0,
    "y1": 0,
    "z1": 0,
    "x2": 1,
    "y2": 0.0625,
    "z2": 1,
    "rotateXByType": {
      "*-up": 180,
      "*-north": 90,
      "*-east": 90,
      "*-west": 90,
      "*-south": 270
    },
    "rotateYByType": {
      "*-east": 180,
      "*-west": 0
    },
    "rotateZByType": {
      "*-east": 270,
      "*-west": 270
    }
  },
  "combustibleProps": {
    "burnTemperature": 400,
    "burnDuration": 15
  },
  "sounds": {
    "place": "block/cloth",
    "break": "block/cloth",
    "hit": "block/cloth",
    "walk": "walk/cloth"
  },
  "materialDensity": 200,
  "guiTransform": {
    "translation": {
      "x": 0,
      "y": 3,
      "z": 0
    },
    "origin": {
      "x": 0.5,
      "y": 0.0625,
      "z": 0.5
    }
  }
}